{
    "average_degree": [
        21.266666666666666,
        0.21849654629019016
    ],
    "density": 0.17871148459383754,
    "diameter": 6.0,
    "file": "Datasets/games120.txt",
    "global_clustering": [
        0.4116928713173561,
        0.012349150939425504
    ]
}