{
    "average_degree": [
        25.395555555555557,
        0.2528024760692059
    ],
    "density": 0.056560257362039096,
    "diameter": 3.0,
    "file": "Datasets/le450_5a.col",
    "global_clustering": [
        0.1278836200100091,
        0.0010145064784967705
    ]
}